135.91,127.44,142.66,121.95,151.96,120.89,161.8,121.67,170.76,124.33,194.86,122.25,203.26,118.76,212.64,116.85,222.06,117.13,229.24,121.94,184.32,136.59,185.12,147.41,186.12,158.38,187.18,169.57,176.73,177.42,182.29,179.32,187.96,179.86,192.68,178.12,196.75,175.77,146.37,139.17,153.14,134.25,161.62,134.08,168.22,139.44,161.03,143.56,152.92,143.65,199.41,137.29,204.97,131.72,213.17,131.06,219.3,135.17,213.68,139.96,206.07,140.38,170.2,202.52,176.3,196.84,182.65,193.11,188.29,193.63,194.57,192.69,200.58,195.41,207.11,200.04,201.48,207.19,195.58,210.6,188.87,211.62,183.15,211.32,176.85,208.81,181.76,198.53,188.63,197.99,195.72,197.7,195.38,202.62,188.49,203.05,182.05,203.28
135.52,127.52,142.17,122.26,151.45,121.16,161.27,121.95,170.46,124.51,194,122.6,202.65,119.12,212.32,117.17,222.04,117.51,229.61,122.57,184.33,136.31,185.27,147.14,186.38,158.15,187.52,169.4,176.81,177.1,182.53,178.91,188.33,179.48,193.07,177.74,197.1,175.43,146.07,139.59,152.85,134.71,161.29,134.37,167.9,139.48,160.9,143.64,152.83,143.85,199.35,137.36,205.03,132.09,213.2,131.57,219.27,135.45,213.66,140,206.03,140.41,170.31,202.35,176.8,196.48,183.01,192.94,188.81,193.46,195.06,192.55,201.12,195.23,207.76,199.89,202.27,207.13,195.99,210.64,189.13,211.76,183.13,211.42,177.01,208.94,182.11,198.53,189.1,198.08,196.27,197.76,195.88,202.57,188.66,202.96,181.88,203.2
135.11,128.05,141.73,122.23,151.35,120.83,161.6,121.6,170.99,124.43,193.55,122.91,202.35,119.11,212.35,117.04,222.3,117.36,229.62,122.83,183.96,136.02,184.81,147.2,185.85,158.5,186.94,170.12,176.17,177.5,182.03,179.13,187.88,179.7,192.83,178.08,197.16,176.09,145.73,139.67,152.73,134.47,161.4,134.14,168.19,139.64,160.7,143.66,152.43,143.96,198.85,137.54,204.89,131.73,213.36,131.05,219.59,135.31,213.83,140.04,205.85,140.44,169.53,202.32,176.55,196.76,182.95,193.24,188.29,194.19,194.26,193.01,200.44,195.61,207.48,200.11,201.66,208.08,195.48,211.57,188.75,212.43,183.16,211.97,176.8,209.41,182.05,198.77,188.6,198.55,195.39,198.17,195.24,203.12,188.5,203.59,182.01,203.61
135.75,127.05,142.49,121.98,151.8,121.17,161.55,121.85,170.73,124.18,194.43,122.47,202.85,119.02,212.43,117.13,221.96,117.25,229.27,122.19,184.37,136.63,185.23,147.37,186.31,158.38,187.38,169.59,176.38,176.93,182.24,178.59,188.09,179.32,192.89,177.68,196.99,175.62,145.85,139.25,152.63,134.01,161.43,133.87,168.16,139.56,160.88,143.67,152.51,143.81,198.99,137.69,204.77,131.6,213.16,131.01,219.41,135.43,213.66,140.23,205.87,140.69,170.03,202.39,176.24,196.45,182.48,193.19,187.98,193.88,194.25,192.93,200.28,195.52,207.01,200.17,201.44,207.54,195.63,211.01,188.81,212.12,183.05,211.54,176.76,208.97,181.52,198.5,188.32,198.36,195.64,197.8,195.62,202.55,188.47,203.26,181.74,203.39
134.9,126.95,141.96,121.91,151.39,120.88,161.42,121.58,170.91,124.06,193.51,122.64,202.37,118.78,212.22,116.61,222.09,117.04,229.77,122.24,183.87,136.53,184.73,147.4,185.78,158.37,186.8,169.78,175.89,177.25,181.75,179.15,187.72,179.96,192.77,178.2,196.97,175.77,145.71,139.64,152.81,134.35,161.38,133.91,168.18,139.77,160.89,143.59,152.53,143.84,199.15,137.75,204.84,131.77,213.13,131.09,219.13,135.34,213.62,140.03,205.96,140.57,169.68,202.65,176.18,197.07,182.6,193.61,188.04,194.25,194.2,193.43,200.4,195.93,207.07,200.42,201.34,207.58,195.16,211.19,188.32,212.26,182.64,211.77,176.3,209.2,181.74,199.15,188.24,198.82,195.1,198.45,194.62,203.09,187.95,203.57,181.64,203.5
135.34,127.07,142.18,121.48,151.56,120.2,161.6,121.16,170.61,124.38,193.9,122.32,202.89,118.39,212.59,116.32,222.02,116.7,228.92,121.69,184,136.43,184.91,147.43,186.07,158.44,187.31,169.79,176.15,177.28,181.77,179.37,187.42,180.39,192.54,178.18,196.98,175.58,145.76,139.14,152.81,133.99,161.47,134,168.26,139.64,160.85,143.65,152.49,143.79,199.01,137.43,204.67,131.18,213.07,130.52,218.99,134.37,213.73,139.53,205.96,140.36,170.86,202.97,177.15,197.92,182.72,194.75,187.99,195.26,194.19,194.23,199.8,196.57,205.57,200.55,200.08,206.68,194.54,209.97,188.05,211.19,182.81,210.26,177.15,208.04,182,200.93,188.13,200.36,194.76,199.71,194.16,201.9,187.61,202.62,181.71,202.29
111.91,147.75,113.9,146.82,115.6,146.62,118.12,147.52,120.02,149.33,129.98,147.84,133.77,145.27,138.23,143.54,142.96,143.05,147.24,144.64,126.34,150.58,125.94,153.97,125.85,157.3,125.91,160.79,125.05,164.78,126.09,165.12,127.79,165.34,129.84,164.25,131.87,163.54,116.24,154.65,118.47,153.49,121.06,153.2,124.29,154.12,121.81,154.64,118.87,155.15,134.54,153,136.81,150.57,139.69,150.41,142.9,151.03,140.8,152.58,137.62,153.01,129.23,177.07,128.43,171.37,129.25,167.8,129.75,167.7,131.75,167.77,134.57,171.05,137.27,174.71,135.59,178.08,133.32,179.73,131.46,180.73,131.27,180.02,130.97,178.73,130.51,171.06,130.15,170.01,131.8,170.77,132.47,175.62,130.99,177.07,131.33,176.14
110.32,148.23,113.03,147.65,115.56,147.64,118.07,148.39,120.02,149.74,126.73,149.35,127.81,147.65,129.32,146.18,131.31,144.8,133.57,144.58,123.95,151.31,125.14,154.88,126.48,158.23,127.7,161.69,123.21,164.92,124.84,165.78,127.21,166.44,128.94,165.31,129.95,164.18,113.26,154.05,115.5,152,118.33,151.57,120.57,153.46,118.74,154.36,115.84,154.54,127.67,152.8,129.52,149.9,132.3,149.56,134.08,151.91,132.99,152.96,130.29,153.01,122.92,173.35,124.39,170.08,125.97,168.44,127.88,168.79,128.96,167.99,131.28,168.77,133.55,170.6,132.17,172.73,130.75,174.49,129.48,175.53,127.68,175.39,126.04,174.92,126.48,170.3,128.19,170.05,129.46,170.18,129.79,171.89,128.64,172.37,127.07,172.5
133.93,122.12,138.75,113.01,147.84,108.39,158.45,108.49,168,110.51,193.93,109.87,204.01,105.99,214.9,104.71,224.38,108.74,229.44,117.2,183.08,131.59,184.26,143.32,185.49,154.9,186.88,167.03,176.28,176.42,182.06,178.7,187.73,179.97,193.29,177.44,198.19,174.5,143.08,138.22,150.88,135.05,159.81,133.81,168.36,136.44,160.27,140.17,151.16,141.31,198.48,134.46,205.91,131.16,214.14,131.6,221.47,133.57,214.76,137.09,206.15,137.23,173.44,203.33,178.17,196.63,183.52,192.41,188.44,192.71,194.44,192.26,200,195.62,203.75,201.65,200.25,207.7,195.54,212.16,189.74,213.87,184.4,212.83,179.34,209.54,183.65,198.68,188.68,198.18,194.57,197.84,194.3,202.77,188.71,203.8,184,203.49
135.39,122.79,140.02,113.85,148.93,109.54,159.22,109.39,168.36,111.56,193.71,110.26,202.77,106.84,213.16,106.22,222.44,109.42,227.91,117.45,182.94,133.97,183.79,145.32,184.51,156.62,185.43,168.36,176.39,178.49,181.8,180.15,187.09,180.87,192.09,179.3,196.52,177.11,144.52,139.29,152.13,135.23,160.39,134.37,167.94,138.22,160.37,142.34,152.16,143.04,198.53,136.18,204.88,132.36,212.74,132.23,219.99,135.13,213.53,139.28,205.59,139.66,171.8,205.47,175.78,198.83,181.6,194.08,187.69,194.3,194.55,193.84,200.68,197.97,205.57,204.4,201.95,211.47,196.9,216,189.95,218.04,183.29,216.59,177.23,212.5,181.45,200.23,188.1,199.3,195.58,199.28,195.92,206.81,188.96,208.11,182.26,207.63
135.52,125.98,139.97,117.24,148.47,113.35,158.23,113.08,167.13,114.92,194.23,113.33,202.75,110.46,212.5,109.75,221.38,112.15,227.24,119.45,183.09,137.37,183.85,148.67,184.54,160,185.18,171.68,175.54,181.22,181,183.23,186.54,184.03,191.91,182.33,196.42,179.88,144.79,141.31,151.84,137.01,159.74,136.64,166.92,141.02,159.77,144.69,151.91,145.08,198.49,138.86,204.54,134.59,212.42,134.22,219.25,137.56,212.95,141.63,205.34,142.09,170.37,207.68,175.06,201.22,181.24,196.71,187.16,197,193.83,196.62,200.58,199.89,206.39,205.29,201.92,213.18,195.85,217.98,188.61,219.59,182.32,218.68,175.99,214.57,181.44,203.2,187.56,202.63,194.72,202.1,195.09,208.32,187.86,209.73,181.4,209.55
134.85,128.87,139.51,120.63,148.01,116.91,157.92,116.34,167.32,117.73,193.8,116.81,202.31,114.14,212.02,112.91,221.12,114.99,227.33,121.96,182.41,140.04,183.35,151.46,184.36,162.96,185.3,174.85,175.53,183.62,181.26,185.48,186.86,186.23,192.08,184.14,196.47,181.56,144.62,143.96,151.43,139.35,159.24,138.91,166.09,143.86,159.17,147.68,151.37,147.98,198.76,141.81,204.61,136.71,212.48,135.89,218.97,139.36,213.29,143.97,205.65,144.68,168.85,208.75,174.42,202.67,181.09,198.97,187.02,199.58,193.59,198.84,200.49,201.33,206.58,205.61,201.94,213.53,195.38,217.88,187.97,219.68,181.67,219.29,174.78,215.87,180.62,204.88,187.37,204.62,194.76,204.04,195.13,208.91,187.47,210.24,180.39,210.8
134.27,128.78,139.19,121.19,147.97,118.15,157.68,118.06,167.09,119.5,191.88,118.65,201.07,115.27,211.33,113.87,221.05,115.43,228.08,122.52,181.86,140.58,182.71,152.13,183.58,163.48,184.23,175.38,174.51,184.54,180.31,186.35,186.28,187.15,191.92,185.04,196.79,182.52,143.93,145.13,150.83,140.03,159.21,139.37,167.02,144.65,159.27,148.88,150.9,149.41,198.09,142.36,204.37,136.94,212.65,136.07,219.33,139.89,213.23,144.55,205.11,145.21,168.56,209.18,174.58,203.26,181.15,199.66,186.8,200.22,192.98,199.67,199.44,201.98,206.57,206.17,201.31,214.5,194.61,218.41,187.54,219.92,181.63,219.38,175.02,216.47,180.24,205.89,187.06,205.44,194.5,204.86,194.85,209.29,187.15,210.34,179.87,210.82
132.72,130.63,138.21,122.59,147.45,118.96,157.9,118.64,167.88,120.27,191.93,119.11,201.2,115.85,211.69,114.94,221.38,117.11,228.4,124.08,182.39,141.21,183.2,153.03,184.04,164.84,184.74,177.23,174.33,185.71,180.38,188.01,186.44,189.08,192.28,186.81,197.19,183.85,143.55,145.84,150.49,140.45,158.97,139.97,166.75,145.64,159.05,149.41,150.64,149.88,198.26,143.33,204.41,137.39,212.59,136.54,219.23,140.77,213.19,145.13,205.29,145.83,167.15,209.44,173.98,203.64,180.75,200.61,186.46,201.35,192.86,200.83,199.49,203.02,206.44,206.78,201.36,214.96,194.41,218.88,187.17,220.33,181.1,219.75,174.3,217.13,179.94,206.96,186.63,206.7,194.1,206.19,194.35,210.35,186.78,211.2,179.69,211.47
133.35,131.69,138.06,123.3,146.88,119.74,156.96,119.41,166.36,121.16,193.57,120.01,202.19,116.9,212.1,115.84,221.45,117.9,228.18,124.62,182.37,142.75,183.06,154.49,183.79,166.25,184.51,178.36,174.43,186.38,180.05,188.42,185.85,189.36,191.37,187.28,196.03,184.64,144.2,146.42,150.76,141.52,159,141.2,166.43,146.65,159.11,150.32,150.96,150.67,198.51,144.33,204.56,138.82,212.61,137.91,219.14,141.9,213.14,146.22,205.38,146.82,167.04,210.27,173.58,204.98,180.11,201.49,186.12,202.07,192.59,201.5,199.12,203.92,206.04,207.96,200.44,215.88,193.57,219.83,186.37,221.07,180.11,220.21,173.7,217.06,179.02,207.7,186.17,207.2,193.74,206.9,194.04,211.09,186.16,211.89,178.81,211.86
133.54,133.06,138.01,124.69,146.82,120.9,156.99,120.6,166.77,122.18,192.95,120.9,201.97,118.27,211.85,117.2,221.03,119.13,227.76,125.85,182.19,142.96,183,155.1,183.83,167.18,184.74,179.77,174.66,187.39,180.41,189.24,186.2,190.16,191.67,188.02,196.24,185.34,143.84,147.24,150.65,142.08,158.81,141.88,166.39,147.25,158.83,150.97,150.71,151.47,198.44,144.78,204.79,139.32,212.91,138.52,219.38,142.34,213.37,146.88,205.47,147.52,167.46,211.11,174.31,206.22,180.83,202.99,186.64,203.53,193.05,202.78,199.19,205.13,206.02,208.27,200.72,215.91,194.27,219.84,187.08,221.15,181.1,220.35,174.31,217.96,179.7,208.85,186.82,208.24,194.34,207.82,194.67,211.84,186.83,212.68,179.31,212.51
133.21,133.1,138.37,125.24,147.54,121.82,157.84,121.84,167.69,123.83,192.03,122.45,201.49,119.05,211.77,117.66,221.48,119.47,228.56,126.47,182.32,143.41,183.16,155.33,184.15,167.19,185.15,179.74,174.51,188.13,180.3,189.83,186.17,190.94,191.95,188.66,196.83,185.82,143.56,147.8,150.55,142.76,159.18,142.59,166.97,148.14,159.25,151.99,150.66,152.41,198.05,145.65,204.65,139.83,212.9,138.99,219.36,143.06,213.42,147.68,205.37,148.38,167.67,212.17,174.64,207.18,181.18,204.16,186.68,204.61,192.99,203.85,199.25,205.97,206.01,209.66,200.38,217.14,193.83,221.27,186.82,222.86,181.1,222.04,174.52,219.66,179.84,210.14,186.69,209.39,194.22,209.08,194.34,212.87,186.5,213.79,179.31,214
133.6,134.17,138.65,126.07,147.77,122.51,158.04,122.35,167.77,124.48,192.65,122.55,201.87,119.5,211.93,118.39,221.52,120.62,228.46,127.56,182.76,143.92,183.51,155.99,184.27,168.03,185.09,180.63,174.69,188.08,180.38,190.05,186.15,191.17,191.84,189.16,196.46,186.39,144.54,148.23,150.93,143.19,159.2,143.1,166.94,148.62,159.38,152.09,151.15,152.44,198.62,146.32,204.74,140.54,212.8,139.59,219.19,143.61,213.31,148.11,205.49,148.82,167.26,211.89,174.03,207.27,180.63,204.32,186.56,204.79,193.16,204.11,199.71,206.01,206.9,209.44,201.14,217.03,194.52,221.21,187.18,222.86,180.71,222.03,173.99,219.05,179.31,210.1,186.76,209.53,194.76,209.07,195.1,213.04,186.77,214.02,178.91,213.94
133.45,134.23,138.6,126.02,147.85,122.34,158.27,122.22,167.93,124.71,192.62,122.87,201.8,119.7,211.84,118.54,221.41,120.6,228.24,127.58,182.58,144.24,183.29,156.19,184.09,168.08,184.94,180.61,174.8,188.24,180.48,190.15,186.18,191.34,191.88,189.21,196.55,186.47,143.99,148.37,150.77,143.36,159.14,143.24,166.89,148.91,159.21,152.36,150.83,152.69,198.49,146.61,204.82,140.77,212.92,139.94,219.3,143.98,213.48,148.49,205.6,149.15,167.79,212.27,174.3,207.31,180.86,203.99,186.66,204.31,193.44,203.78,200.06,206.12,206.73,209.91,201.34,217.75,194.77,221.83,187.43,223.48,181.14,222.71,174.44,219.82,179.79,210.25,186.84,209.36,194.69,209.09,195.04,213.41,186.96,214.33,179.64,214.33
132.08,134.99,137.84,127.12,147.18,123.26,157.92,122.96,168.18,125.36,191.63,123.57,201.41,120.12,211.69,118.57,221.47,120.78,228.43,127.69,182.28,143.85,183.21,156.08,184.26,168.13,185.31,180.67,174.9,188.03,180.58,189.59,186.18,190.56,191.53,188.26,196.12,185.64,142.9,148.19,149.81,142.67,159.2,142.5,167.32,148.75,159.13,152.7,149.9,153.01,196.96,145.9,203.92,139.22,212.94,138.19,219.71,142.29,213.65,147.31,204.92,148.4,167.64,212.68,175.25,207.3,181.63,204.13,186.8,204.24,192.62,203.42,199.12,205.37,206.18,209.48,200.38,217.34,193.79,221.95,187.35,223.42,181.79,222.83,175.23,220.12,181.03,209.89,186.97,208.44,193.96,208.18,193.93,213,186.74,213.86,180.6,214.24
132.12,135.17,137.19,126.55,146.51,122.41,157.39,122.25,167.8,124.31,191.7,122.61,202.27,119.53,213.4,117.96,223.72,120.91,230.3,128.74,182.42,142.5,183.57,154.96,184.82,167.25,186.11,180.1,175.42,187.99,181.39,189.49,187.14,190.58,192.64,188.01,197.29,185.39,142.39,147.43,149.38,144.12,158.51,143.39,167.42,146.88,159.07,150.73,149.93,151.66,197.98,144.68,205.39,140.55,214.12,139.98,221.52,142.03,214.7,146.38,206.17,147.06,167.98,212.66,175.28,207.18,182.07,203.27,187.59,203.88,193.39,202.86,200.1,205.8,207.04,209.66,200.79,217.86,194.27,222.33,187.89,223.36,182.39,222.66,175.67,219.92,181.3,209.53,187.76,208.76,194.84,208.19,194.45,211.81,187.31,213.11,180.78,213.17
133.7,134.09,138.66,125.72,147.99,121.67,158.64,121.23,168.61,123.38,193.21,121.49,203.36,118.46,214.37,117.36,224.61,120.81,230.97,128.84,183.44,143.5,184.41,155,185.45,166.36,186.5,178.26,175.64,186.65,181.7,188.33,187.65,189.24,193.08,187.25,197.86,184.86,144.21,148.79,151.4,147.06,159.59,146.18,168.14,147.76,160.13,150.91,151.78,151.79,198.94,145.98,206.31,144.07,214.13,144.24,221.4,145.41,214.34,148.09,206.49,148.35,167.97,211.78,174.97,205.65,181.65,201.77,187.91,202.34,194.06,201.59,200.8,204.64,207.64,209.26,201.49,217.35,195.1,221.99,188.43,223.26,181.81,222.42,175.2,218.68,180.45,208.12,188.08,207.42,195.79,207.03,195.53,211.47,187.76,213.01,179.72,212.72
133.99,132.97,138.74,124.71,147.66,120.49,158,120.07,167.41,122.33,193.58,119.96,202.77,116.74,213.18,115.74,222.94,118.91,229.32,126.74,183.26,143.06,184.19,154.37,185.13,165.76,186,177.67,175.64,186.08,181.58,187.67,187.26,188.39,192.61,186.58,197.2,184.12,144.55,147.65,151.46,143.78,159.78,143.21,167.57,147.18,159.98,150.77,151.77,151.36,198.74,144.94,205.21,140.81,213.12,140.3,220.1,143.19,213.71,147.13,205.94,147.7,167.82,211.47,174.31,205.69,180.98,201.83,187.38,202.39,193.84,201.46,200.34,204.21,206.83,208.9,201.55,216.59,195.23,220.79,188.01,222.48,181.21,221.7,174.38,218.21,180.14,208.16,187.52,207.54,195.26,206.95,195.24,211.05,187.36,212.14,179.71,212.15
133.93,132.62,138.97,124.23,148.06,120.26,158.63,120.01,168.46,122.33,194.41,120.72,203.79,117.13,214.32,115.89,224,118.71,230.4,126.82,183.71,142.58,184.5,154.07,185.4,165.56,186.25,177.7,175.42,186.41,181.37,188.25,187.08,189.24,192.79,187.15,197.61,184.46,144.58,146.83,151.64,142.25,160.29,141.86,167.86,146.84,160.26,150.63,151.67,151.15,199.5,144.86,206.16,139.4,214.38,138.77,220.75,142.63,215.02,146.97,206.89,147.65,168.79,212.33,175.38,206.11,181.88,202.24,187.31,202.86,193.65,202.2,199.72,205.24,205.57,210.15,200.4,216.95,194.48,220.88,187.66,222.44,182.09,221.56,175.45,218.41,181.36,208.29,187.28,208.05,194.41,207.5,194.51,211.6,187.26,212.6,181.16,212.42
134.56,132.49,139.33,123.83,148.22,119.8,158.52,119.19,168.13,121.22,195.39,119.89,204.26,116.86,214.13,115.9,222.97,118.78,228.67,126.76,183.89,142.76,184.47,154.22,185,165.62,185.66,177.52,175.14,186.45,180.98,188.63,186.71,189.72,192.59,187.74,197.56,184.9,145.22,146.28,151.9,141.16,160.47,140.84,167.75,146.11,160.32,149.91,152.05,150.41,199.85,144.38,205.88,138.72,213.99,137.93,220.34,142.03,214.66,146.52,206.91,147.19,168.62,212.74,174.8,207.09,181.05,203.14,187.04,203.72,193.72,202.86,199.7,206.14,204.71,211.43,200.83,218.72,194.99,223.28,187.76,224.88,181.53,223.45,174.81,219.37,180.86,209.24,187.18,208.77,194.56,208.22,194.93,213.35,187.49,214.57,180.74,213.94
135.77,132.36,140.65,123.79,149.45,120.08,159.53,120.12,168.81,122.54,195.48,120.82,204.41,117.66,214.37,116.52,223.19,119.31,229.19,126.71,184.59,143.41,185.17,154.79,185.72,166.17,186.53,178.16,176.06,188.12,181.75,190.17,187.35,191.39,193.12,189.43,198.15,186.67,145.19,146.56,152.03,141.68,160.7,141.65,167.89,147.07,160.24,150.96,151.84,151.42,200.44,145.13,206.61,139.05,214.77,138.38,221.04,142.66,215.49,147.47,207.74,148.05,171.08,215.62,175.82,208.96,181.76,204.83,187.11,205.8,193.38,204.9,199.48,208.84,203.58,215.07,199.77,222.68,194.17,226.87,187.74,228.24,182.02,226.84,175.88,223.12,182.25,211.08,187.18,210.64,193.28,210.53,192.95,217.09,187.29,217.5,182.39,217.4
135.73,131.64,140.67,123.38,149.37,119.72,159.27,119.94,168.49,122.16,195.33,120.38,204.47,117.47,214.37,116.36,223.18,119.07,229.24,126.47,184.43,143.23,185.05,154.63,185.62,166.06,186.43,178.05,176.28,188.05,181.89,190.11,187.46,191.19,193.1,189.2,198.04,186.42,144.76,146.52,151.71,141.58,160.62,141.49,167.85,146.86,160.13,151.07,151.56,151.55,200.36,145.01,206.45,139.08,214.78,138.5,221.02,142.77,215.49,147.71,207.59,148.21,171.67,215.79,176.23,209.04,182.05,204.98,187.33,205.89,193.69,205.05,199.45,208.89,203.1,214.92,199.81,222.25,194.6,226.59,188.02,228.28,182.2,226.93,176.27,222.97,182.42,210.9,187.45,210.47,193.78,210.37,193.48,216.69,187.56,217.57,182.48,217.33
135.05,130.95,140.45,123,149.21,119.57,159.29,119.49,168.6,121.32,195.36,120.2,204.45,117.32,214.27,116.29,222.88,118.74,228.97,125.93,183.99,143.05,184.44,154.4,184.85,165.55,185.5,177.35,176.25,187.17,181.56,189.36,186.76,190.54,192.27,188.77,197.17,186.08,145,146.01,152,140.85,160.6,140.63,167.86,146.17,160.27,150.35,151.84,150.91,200.28,144.39,206.41,138.59,214.37,137.86,220.44,142.08,215.27,147.01,207.44,147.64,171,215.69,175.33,208.91,181.13,204.59,186.74,205.49,193.43,204.53,199.2,208.42,203.1,215.13,199.62,221.57,194.23,226.25,187.35,228.27,181.37,226.8,175.3,222.99,181.59,210.49,186.87,210.23,193.5,209.83,192.93,216.41,186.67,217.19,181.51,217.24
135.06,129.72,140.26,121.91,148.93,118.15,159.07,118.31,168.77,120,195.24,119.81,204.24,116.79,214.1,115.23,222.75,117.54,228.49,124.82,184.14,142.09,184.71,153.55,185.46,164.84,186.22,176.8,176.23,187.06,181.64,189.39,187.31,190.58,193.02,188.37,197.94,185.3,144.7,145.13,151.82,139.99,160.73,139.73,168.15,145.41,160.38,149.55,151.67,150.13,199.67,143.58,205.96,137.74,214.32,137.02,220.91,141.04,215.17,146.16,206.94,146.89,171.88,214.43,176.22,208.09,182.13,204.24,187.29,205.03,193.35,204.13,199.34,207.2,203.58,212.89,199.95,219.09,194.36,222.86,188.25,224.41,183.03,223.5,176.86,220.71,182.82,210,187.41,209.89,193.07,209.35,192.82,213.7,187.76,214.35,183.15,214.53
134.31,128.76,139.9,120.68,149.04,116.79,159.59,116.86,169.29,119.11,194.98,118.89,204.34,115.44,214.56,113.87,223.74,116.33,229.65,124.06,184.26,140.43,184.7,151.94,185.35,163.26,185.95,175.27,176.05,185.54,181.76,188,187.81,189.22,193.49,186.92,198.24,183.94,144.16,144,151.69,138.17,161.16,137.95,169.01,144.37,160.83,148.67,151.57,149.16,199.01,142.74,205.67,136.02,214.53,135.09,221.45,139.98,215.28,145.3,206.51,146.13,172.03,212.95,176.68,206.11,182.41,201.98,187.82,202.95,193.87,202.36,199.72,205.67,204.32,211.32,200.44,217.18,194.86,220.43,188.9,221.88,183.83,221.14,177.71,218.68,183.21,208.58,187.96,208.46,193.5,208.07,193.14,211.51,188.31,211.8,183.77,212.11
135.19,128.84,140.39,120.47,149.17,116.2,159.49,116.06,169.05,118.33,195.77,117.88,204.93,114.81,215.08,113.83,224.06,116.69,229.92,124.3,183.98,139.06,184.58,150.37,185.33,161.61,186.19,173.55,176.16,183.6,181.67,186.04,187.52,187.3,193.13,185.18,197.82,182.19,144.83,142.94,151.8,137.42,160.8,137.36,168.18,143.17,160.37,147.24,151.66,147.55,199.91,141.3,206.2,135.15,214.7,134.34,221.23,138.77,215.53,143.7,207.21,144.5,171.68,210.85,176.89,204.38,182.86,200.33,188.15,201.11,194.13,200.4,200.38,203.19,205.86,208.7,201.53,215.54,195.7,219.53,189.42,221.44,184.01,220.74,177.73,217.58,183.43,206.42,188.37,206.3,194.35,205.57,194.42,209.82,188.8,210.74,183.84,211.01
135.18,127.86,140.37,119.8,149.18,115.5,159.37,115.43,168.94,117.36,195.84,117.27,204.96,114.41,215.1,113.22,223.92,116.17,229.88,123.28,184.11,138.99,184.71,150.27,185.44,161.55,186.19,173.49,176.22,183.19,181.81,185.37,187.61,186.47,193.26,184.64,198.02,182,144.84,142.54,151.97,137.1,160.98,137.17,168.31,142.99,160.48,147,151.8,147.38,199.34,141.11,205.77,135,214.29,134.22,220.93,138.79,214.93,143.69,206.69,144.39,171.5,210.18,176.65,203.65,182.51,199.71,187.81,200.66,193.78,199.86,200.2,202.97,205.5,208.68,200.95,214.91,195.29,218.87,189.02,220.68,183.39,219.9,177.12,216.7,183.28,205.91,188.02,205.75,193.67,205.08,193.61,209.41,188.33,210.14,183.44,210.44
135.39,128.05,140.28,119.25,148.83,114.96,158.88,114.97,168.17,117.1,196.43,117.09,205.34,114.46,214.97,113.22,223.61,116.14,228.92,123.72,184.43,139.13,185.04,149.97,185.74,160.86,186.56,172.31,175.63,182.74,181.39,184.81,187.21,186.02,192.81,184.08,197.64,181.48,144.82,142.26,151.7,137.24,160.46,137.35,167.45,142.85,159.86,146.57,151.41,146.81,200.12,141.01,206.37,135.23,214.47,134.4,220.56,138.71,215.12,143.2,207.3,143.87,170.13,210.14,175.42,203.63,181.77,199.24,187.53,200.06,193.78,199.06,200.37,202.61,205.29,208.46,200.89,215.09,194.94,219.11,188.5,220.77,182.59,220.07,175.9,216.8,182.49,205.27,187.67,205.25,193.85,204.41,193.8,209.75,187.9,210.62,182.54,210.6
135.9,126.66,140.65,118.33,149.1,114.55,158.91,114.45,168.18,116.36,196.03,116.23,205.09,113.66,214.83,112.77,223.47,115.66,229.26,122.93,183.79,138.79,184.3,149.82,184.92,160.93,185.63,172.52,175.68,181.91,181.13,184.05,186.71,185.2,192.18,183.42,196.94,181.06,145.08,141.29,151.98,136.17,160.6,136.25,167.52,141.75,160.08,145.67,151.77,145.92,200.01,140.33,206.35,134.75,214.45,134.01,220.88,138.36,215.13,142.93,207.25,143.58,170.61,209.05,175.7,202.78,181.75,198.62,187.34,199.56,193.43,198.53,199.87,201.81,205.17,207.15,200.93,213.8,195.14,218.02,188.55,219.85,182.34,218.98,175.76,215.68,182.01,204.29,187.46,204.39,193.78,203.5,193.99,208.41,187.95,209.38,182.21,209.46
134.45,126.29,139.63,117.31,148.77,112.91,159.41,113.15,169.11,115.94,195.72,115.95,205.04,112.61,215.27,111.38,224.19,114.76,229.71,122.79,183.82,137.39,184.06,148.37,184.52,159.33,184.93,170.9,174.99,181.12,180.5,183.31,186.31,184.59,192.05,182.83,197.02,180.34,145.01,140.56,152.07,134.99,160.95,134.89,168.33,140.88,160.54,144.91,151.85,145.14,199.28,139.32,206.11,133.26,214.49,132.57,221.01,137.23,215.03,142.03,206.69,142.67,169.7,208.59,175.22,201.93,181.53,197.73,187.24,198.69,193.2,197.74,199.69,201.06,205.44,206.86,200.68,213.15,194.8,216.84,188.56,218.76,182.74,218.19,176.1,215.22,181.88,203.44,187.25,203.31,193.35,202.63,193.77,207.72,187.99,208.79,182.51,208.94
134.99,125.63,139.51,116.75,148.13,112.13,158.4,112.16,167.76,114.54,196.25,114.66,205.37,111.69,215.29,110.69,224,113.78,229.63,121.66,183.46,137.39,183.73,148.54,184.2,159.75,184.61,171.41,175.23,180.13,180.59,182.33,186.3,183.7,191.89,181.81,196.62,179.11,144.94,140.61,151.8,134.93,160.93,134.96,168.36,140.75,160.69,144.96,151.97,145.21,199.2,139.19,205.99,132.97,214.69,132.28,221.61,137.23,215.37,141.84,206.83,142.44,170.09,207.57,175.29,201.27,181.49,197.15,187.24,197.91,193.25,197.07,199.66,200.26,205.54,205.65,200.7,212.07,194.66,215.92,188.38,218.02,182.65,217.45,176.23,214.18,181.97,203.15,187.25,202.95,193.29,202.23,193.69,206.73,187.68,207.87,182.31,207.93
135.08,126.07,139.19,117.17,147.52,112.82,157.5,112.77,166.92,114.94,195.93,114.87,205.37,111.87,215.51,110.92,224.25,114.44,229.43,123.01,183.34,137.52,183.76,148.83,184.3,160.18,184.79,172,175.12,181.38,180.64,183.28,186.37,184.48,191.9,182.72,196.78,180.46,144.73,141.36,151.52,135.89,160.69,135.84,168.19,141.51,160.48,145.9,151.61,146.16,199.23,139.79,205.95,133.8,214.65,133.04,221.26,137.76,215.3,142.65,206.74,143.25,169.14,208.56,174.77,202.06,181.07,198.15,186.96,198.83,193.15,198.03,199.8,201.28,205.54,206.77,200.67,213.44,194.47,217.17,188.24,219.14,182.4,218.4,175.68,215.18,181.5,204.23,186.97,203.92,193.22,203.37,193.58,207.9,187.68,208.94,182.04,209.22
134.84,128.24,139.24,119.59,147.59,115.17,157.65,115.15,166.82,117.51,196.03,116.85,205.25,113.94,215.29,112.98,224.06,116.52,229.6,124.48,183.41,139,183.8,150.45,184.2,162.21,184.76,174.31,174.29,183.62,180,185.75,185.73,187.07,191.36,185.33,196.27,182.86,144.78,142.95,151.56,138.03,160.41,138.09,167.49,143.36,159.99,147.43,151.48,147.64,199.43,141.77,205.93,135.96,214.25,135.19,220.74,139.62,214.96,144.39,206.88,144.97,167.96,210.13,173.77,203.87,180.23,200.4,186.08,201.15,192.65,200.44,199.54,203.67,204.87,209.27,199.91,215.97,193.68,220.16,187.01,222.11,180.72,221.35,174.04,217.35,180.39,205.9,186.03,206.02,192.78,205.27,193.02,210.41,186.55,211.48,180.73,211.59
133.79,128.86,138.76,120.15,147.71,116.35,158.18,116.51,167.7,118.98,194.59,118.66,204.18,115.47,214.43,114.41,223.55,117.43,229.34,125.41,182.97,140.47,183.55,152.19,184.13,163.98,184.74,176.31,174.6,185.19,180.11,187.21,185.63,188.66,191.11,186.72,196.13,184.33,143.79,144.35,151,139.61,160.06,139.54,167.37,144.89,159.66,149.12,150.98,149.34,198.76,143.17,205.48,137.34,214.01,136.83,220.69,141,214.67,145.73,206.44,146.46,168.41,212.34,173.64,205.66,180.36,202.22,185.93,203.16,192.05,202.41,198.48,206.06,203.66,211.67,199.35,218.69,193.47,222.74,187,224.61,181.07,223.56,174.27,219.86,180.41,208.31,185.87,208.36,192.13,207.73,192.6,213.58,186.41,214.15,180.75,214.34
133.51,129.18,138.56,120.69,147.5,116.94,157.78,117.11,167.41,119.49,193.94,119.62,203.49,116.38,213.74,114.93,223.11,117.79,229.36,125.67,182.6,141.29,182.93,152.78,183.33,164.26,183.77,176.41,174.18,185.88,179.64,188.09,185.37,189.5,190.73,187.44,195.58,184.94,143.74,144.95,150.66,140.01,159.48,139.94,166.96,145.32,159.33,149.17,150.81,149.53,198.59,143.9,205.24,137.95,213.63,137.27,220.57,141.52,214.36,146.23,206.09,146.89,169.17,213.05,173.75,206.32,180.05,202.84,185.84,203.66,191.89,202.91,198.5,206.24,204.27,212.08,199.31,218.73,193.12,222.72,186.68,224.54,180.8,223.31,174.65,219.79,180.2,208.7,185.82,208.79,191.91,208.22,192.21,213.82,186.25,214.42,180.66,214.4
133.27,128.77,138.78,120.73,147.98,117.16,158.28,117.58,168.23,119.65,194.35,120.33,203.81,117.23,213.93,115.63,223.13,118.19,229.5,125.73,182.78,141.72,183.35,153.33,184.08,164.77,184.88,176.89,175.02,185.83,180.38,187.84,186.08,189.07,191.14,187.13,195.8,184.77,143.73,144.84,150.82,139.87,159.77,139.83,167.15,145.3,159.34,149.24,150.72,149.57,198.54,144.04,205.34,138.05,213.86,137.36,220.57,141.64,214.42,146.32,206.03,146.94,169.86,212.83,174.86,206.66,181.06,203.1,186.68,203.89,192.27,202.94,198.6,205.97,204.57,211.22,199.43,217.93,193.52,221.91,187.45,223.63,181.74,222.7,175.53,219.36,181.14,209.28,186.59,209.15,192.36,208.35,192.74,212.81,187.07,213.41,181.48,213.67
132.75,129.33,138.54,120.56,148.06,116.43,158.89,117.12,168.89,120.22,194.48,121.25,204.23,117.55,214.83,115.97,224.33,118.73,230.42,126.88,183.73,140.58,184.18,152.51,184.78,164.27,185.29,176.79,175.44,185.69,180.99,187.86,186.94,189.31,192.22,187.2,196.75,184.7,143.36,144.32,150.71,139.06,160.03,139.07,167.84,144.98,159.66,149.17,150.53,149.38,198.36,143.53,205.41,137.21,214.41,136.49,221.33,140.74,215.18,145.99,206.19,146.68,169.31,211.94,175.24,206.41,181.67,203.17,186.96,203.91,192.68,203.08,198.62,206.1,204.54,211.02,199.19,217.07,193.49,220.58,187.36,222.51,181.9,221.75,175.73,218.68,181.94,209.23,186.91,209.09,192.34,208.55,192.59,211.74,186.94,212.82,181.73,212.81
134.55,126.89,140.36,119.41,149.3,116.11,159.21,116.58,168.32,119.2,196.1,120.19,205.18,116.63,215.06,114.99,224.06,117.12,230.27,124.15,183.82,139.89,184.4,151.64,185.23,163.26,185.92,175.38,175.9,184.47,181.35,186.47,187.15,187.8,192.61,185.87,197.25,183.42,144.45,143.04,151.54,137.85,160.58,137.88,167.7,143.87,160.01,148.04,151.35,148.08,199.23,142.21,205.97,136.04,214.46,135.26,220.99,139.92,215.02,144.76,206.68,145.37,169.69,210.61,175.2,204.81,181.39,201.6,187.24,202.17,193.49,201.39,199.46,204.02,205.49,208.66,200.12,214.9,194.32,218.96,187.64,221.24,181.55,220.32,175.39,217.07,181.32,207.6,187.18,207.51,193.32,206.71,193.51,209.6,187.26,210.75,181.24,211.21
134.04,127.09,139.96,118.8,149.35,115.35,159.7,116.08,169.27,118.96,196.35,119.64,205.67,116.15,215.87,114.6,225.03,117.29,230.66,125.65,184.31,138.8,184.76,150.05,185.48,161.36,186.09,173.14,175.38,183.31,181.14,185.14,187.12,186.18,192.54,184.57,197.19,182.42,144.35,142.13,151.55,136.79,160.7,136.78,168.32,142.33,160.45,146.67,151.62,146.84,199.46,141.05,206.54,135.25,215.24,134.55,221.62,138.98,215.67,143.96,207.17,144.41,169.07,209.98,175.23,203.36,181.64,199.56,187.43,200.48,193.78,199.78,199.75,203.04,205.99,208.27,200.93,215.19,195.01,218.82,188.13,220.78,181.87,219.99,175.59,216.71,181.64,205.84,187.42,205.86,193.93,205.25,194.21,208.8,187.8,209.4,181.86,209.91
135.29,127.6,140.79,119.53,149.62,115.81,159.58,116.16,168.96,118.62,196.94,119.39,205.66,115.92,215.45,114.25,224.3,116.57,230.46,123.82,184.78,139.28,185.3,150.26,186.1,161.41,186.75,172.93,175.65,182.82,181.52,184.82,187.54,185.96,192.81,184.25,197.4,181.99,145.43,142.15,152.5,136.99,161.36,137.08,168.41,142.93,160.76,146.85,152.27,146.86,199.89,141.61,206.56,135.56,215.03,134.45,221.43,138.88,215.68,143.99,207.5,144.56,168.46,208.55,174.78,202.23,181.39,198.68,187.32,199.74,193.49,199.05,199.83,202.31,206.15,207.71,201.35,215.1,194.96,218.96,188.21,220.65,181.56,219.82,174.8,216.03,181.52,204.79,187.34,204.92,193.5,204.51,194.17,209.23,187.74,209.75,181.46,209.87
135.27,128.02,141.08,120.16,150.01,116.58,160.21,117.07,169.54,119.98,198.1,120.88,206.96,117.28,216.62,115.89,225.52,118.51,231.4,125.93,185.34,139.15,185.71,150.56,186.29,162.05,186.79,173.87,176.08,183.68,181.86,185.44,187.73,186.7,192.91,184.92,197.53,183.04,145.75,142.67,153.07,137.51,161.99,137.35,169.13,143.16,161.45,147.29,152.78,147.37,200.41,142.02,207.23,136.26,215.85,135.4,222.27,139.94,216.28,144.89,208.01,145.34,168.81,209.26,175.72,203.09,182.25,199.71,187.79,200.69,193.75,199.85,200.05,203.15,206.13,208.38,201.4,215.68,195.05,219.18,188.61,220.44,182.6,219.68,176.02,216.43,181.83,205.37,187.66,205.44,193.99,205.04,194.78,209.76,188.39,209.96,182.17,210.32
135.12,128.03,141.4,120.18,151.02,116.34,161.77,117.21,171.19,121.05,197.9,121.53,207.17,117.64,217.37,116.08,226.55,118.95,232.1,127.11,185.85,139.77,186.14,151.49,186.61,163.19,187.05,175.35,175.79,183.85,181.6,186.06,187.62,187.39,193.14,185.44,197.93,182.94,145.69,143.25,153.02,137.78,162.14,137.9,169.73,143.92,161.61,147.89,152.72,147.95,200.76,142.38,207.61,136.35,216.27,135.66,222.63,140.31,216.65,145.03,208.28,145.46,168.56,209.17,175.8,202.98,182.37,200.07,187.72,200.86,193.97,200.08,199.95,202.86,206.44,208.22,200.66,214.94,194.7,217.99,188.2,219.46,182.53,218.71,176.17,215.94,181.85,205.85,187.62,205.55,194.23,205.18,194.49,209.07,187.9,209.53,181.91,209.74
135.86,128.38,142.11,120.6,151.79,117.21,162.53,118.46,172.02,122.3,197.72,122.82,207.04,118.99,217.37,117.2,226.73,119.62,232.79,127.47,186.28,140.49,186.59,152.19,187.14,163.78,187.53,175.94,175.97,184.64,181.9,186.72,188.1,188.08,193.69,186.15,198.53,183.74,146.05,143.61,153.38,138.49,162.34,138.48,169.91,144.45,161.91,148.5,153.09,148.54,201.1,143.33,207.92,137.5,216.46,136.74,222.98,140.87,216.9,145.94,208.61,146.55,169.27,209.7,176.3,203.87,182.88,200.73,188.11,201.69,194.3,200.88,200.44,203.69,207.38,208.89,200.92,215.61,194.81,218.59,188.39,220.04,182.78,219.17,176.49,216.37,182.22,206.44,188.1,206.5,194.75,205.98,194.86,209.94,188.1,210.68,181.92,210.71
136.82,128.23,142.62,120.78,151.89,117.5,162.2,118.28,171.19,121.78,198.03,122.09,207.29,118.64,217.44,117.1,226.69,119.49,232.97,126.81,186.06,140.62,186.48,152.45,187.1,164.25,187.69,176.48,176.46,184.99,182.16,186.8,188.1,188.03,193.49,186.22,198.28,184.11,146.66,143.82,153.88,138.86,162.66,138.9,170,144.41,162.16,148.23,153.56,148.34,201.42,142.99,208.14,137.33,216.6,136.56,222.76,140.91,216.91,145.46,208.81,145.98,169.5,209.45,176.35,204.29,182.67,200.98,188.18,201.67,194.57,201.06,200.97,204.06,207.37,208.46,201.17,215.2,194.69,218.81,188.27,220.15,182.66,219.14,176.46,215.94,181.99,207.01,188.17,206.75,194.99,206.58,194.73,209.76,187.91,210.26,181.57,210.25
136.74,127.94,142.71,120.19,151.92,116.8,162.34,117.88,171.24,121.89,198.17,122.12,207.33,118.22,217.49,116.76,226.75,119.19,233.04,126.43,186.13,140.32,186.25,151.9,186.61,163.43,186.86,175.36,176.1,183.56,181.67,185.95,187.56,187.38,193.03,185.5,197.76,183.12,146.7,142.83,153.73,137.53,162.49,137.73,169.84,143.79,162.09,147.82,153.43,147.74,201.49,142.59,208.17,136.61,216.6,135.76,222.96,140.3,217.1,145.35,208.91,145.91,168.98,208.6,175.79,203.55,182.06,200.43,187.74,201.11,194.03,200.45,200.43,203.28,207.18,207.88,201.29,214.6,194.78,217.96,188.34,219.2,182.55,218.43,176,215.28,181.46,206.16,187.76,205.76,194.45,205.52,194.71,209.41,188.02,209.82,181.48,209.91
